clasificare,text
Technology,Artificial intelligence is transforming how we interact with digital devices. From voice assistants to recommendation algorithms, AI is becoming an essential part of modern software development.
Health,Regular physical activity and a balanced diet are key to maintaining heart health. Studies show that 30 minutes of walking daily can reduce the risk of cardiovascular disease.
Environment,Climate change is causing more frequent extreme weather events. Rising global temperatures threaten biodiversity and natural ecosystems worldwide.
Sports,The Olympic Games bring together athletes from over 200 countries. Gymnastics and swimming are among the most watched events each summer.
Business,Entrepreneurship requires risk management and market research. Small businesses contribute significantly to job creation and local economic growth.
Education,Online learning platforms have made education more accessible. Students can now earn degrees from top universities without relocating.
Politics,Democracy depends on active citizen participation in elections. Transparent governance and free press are pillars of accountable political systems.
Entertainment,Streaming services have changed how people consume movies and music. Original content production is now a major focus for platforms like Netflix and Amazon.
Science,CRISPR gene editing technology offers potential cures for genetic disorders. Ethical debates continue over the limits of human genome modification.
Travel,Exploring national parks allows visitors to experience untouched natural beauty. Sustainable tourism practices help preserve landmarks for future generations.
Technology,Blockchain technology extends beyond cryptocurrencies. It is now used for supply chain tracking, digital identity verification, and secure voting systems.
Health,Mental health awareness has grown significantly in recent years. Meditation and therapy are proven methods for managing anxiety and depression.
Environment,Plastic pollution poses a serious threat to marine life. Millions of tons of plastic waste enter the ocean each year, harming turtles, whales, and seabirds.
Sports,The FIFA World Cup unites billions of fans every four years. Soccer remains the most popular sport globally with over 250 million players.
Business,Remote work has reshaped corporate culture and office real estate. Companies now invest more in digital collaboration tools than physical meeting spaces.
Education,STEM education encourages critical thinking and problem solving. Schools worldwide are integrating coding and robotics into their curricula.
Politics,International diplomacy often requires compromise and negotiation. Trade agreements between nations can lower tariffs and boost economic cooperation.
Entertainment,Video game sales now surpass movie and music industry revenues. Esports tournaments fill stadiums and offer million-dollar prize pools.
Science,Space exploration has entered a new era with private companies launching rockets. Mars colonization and lunar bases are no longer just science fiction.
Travel,Japan offers a unique blend of ancient tradition and futuristic cities. Tourists visit Kyoto's temples and Tokyo's neon-lit streets in equal numbers.
Technology,Cybersecurity threats are evolving with artificial intelligence. Companies must protect customer data from phishing attacks and ransomware.
Health,Vaccination programs have saved millions of lives worldwide. Herd immunity protects vulnerable populations from preventable diseases.
Environment,Deforestation in the Amazon rainforest accelerates climate change. Conservation efforts aim to balance agriculture with forest protection.
Sports,The Tour de France tests endurance across three weeks of cycling. Riders face mountain climbs and high-speed descents through French countryside.
Business,E-commerce giants like Amazon have changed consumer expectations. Same day delivery and free returns are now standard for many online shoppers.
Education,Bilingual education improves cognitive flexibility and cultural understanding. Children who learn two languages often perform better in executive function tasks.
Politics,Social movements can drive legislative change over time. Grassroots campaigns have successfully influenced voting rights and environmental policies.
Entertainment,Podcasts have revived long form audio storytelling. True crime and self help genres dominate the top charts on Spotify and Apple Podcasts.
Science,Renewable energy technology is becoming cheaper than fossil fuels. Solar and wind power now provide a growing percentage of global electricity.
Travel,Italy's culinary tourism attracts millions of food lovers. Cooking classes in Tuscany and wine tours in Piedmont are popular vacation activities.
Technology,5G networks promise faster speeds and lower latency than 4G. This technology enables real time remote surgery and autonomous vehicle communication.
Health,Getting seven to nine hours of sleep per night improves memory and immune function. Chronic sleep deprivation is linked to obesity and heart disease.
Environment,Recycling programs reduce landfill waste and conserve natural resources. Aluminum cans can be recycled indefinitely without losing quality.
Sports,Basketball requires a combination of height agility and teamwork. The NBA season includes 82 games per team before the playoffs begin.
Business,Supply chain disruptions during the pandemic highlighted the need for local manufacturing. Companies now diversify suppliers to reduce risk.
Education,Project based learning helps students apply knowledge to real world problems. Group assignments develop communication and leadership skills.
Politics,The United Nations General Assembly meets annually in New York. Representatives from 193 member states discuss global issues like peace and security.
Entertainment,Reality television shows attract millions of viewers despite criticism. Competition formats like singing or cooking contests remain especially popular.
Science,Quantum computing uses qubits instead of traditional bits. This allows calculations that would take classical computers thousands of years.
Travel,Bali Indonesia offers surfing beaches and rice terraces. Digital nomads flock to Canggu for affordable living and strong internet connections.
Technology,The Internet of Things connects everyday devices to the internet. Smart thermostats and refrigerators can reduce energy consumption automatically.
Health,Plant based diets are associated with lower risks of type two diabetes. Legumes whole grains and nuts provide essential proteins without saturated fats.
Environment,Wildfires have become more frequent due to drought and heatwaves. Firefighting resources are stretched thin during summer months in California.
Sports,Swimming is a low impact exercise suitable for all ages. Regular laps improve lung capacity and cardiovascular endurance.
Business,Cryptocurrency markets are highly volatile compared to traditional stocks. Investors risk significant losses without proper research.
Education,Standardized tests remain controversial in college admissions. Critics argue they favor wealthy students with access to test preparation courses.
Politics,Censorship laws vary widely between democratic and authoritarian nations. Free speech advocates push back against government control of information.
Entertainment,Concerts and music festivals generate billions in annual revenue. Live Nation controls a large share of ticket sales worldwide.
Science,Vaccines work by training the immune system to recognize pathogens. The mRNA platform used for COVID shots is now being tested for cancer treatment.
Travel,New Zealand's South Island features fjords glaciers and mountains. Adventure tourists enjoy bungee jumping and skydiving in Queenstown.
Technology,Autonomous vehicles use cameras radar and lidar to navigate. Tesla Waymo and Cruise are competing to lead the self driving car market.
Health,Antibiotic resistance is a growing global health crisis. Overuse of antibiotics in livestock and humans accelerates bacterial adaptation.
Environment,Ocean acidification harms shellfish and coral reefs. Carbon dioxide absorption makes seawater more corrosive to calcium carbonate structures.
Sports,Tennis players compete in four Grand Slam tournaments each year. The French Open's clay surface slows the ball compared to Wimbledon's grass.
Business,The gig economy includes Uber drivers and freelance writers. Workers sacrifice job security for flexibility and independence.
Education,Charter schools receive public funding but operate independently. Proponents say they offer parents alternatives to failing traditional schools.
Politics,Immigration policy remains a divisive issue in many countries. Border control economic impact and humanitarian concerns all factor into debates.
Entertainment,Board games have seen a renaissance in the digital age. Settlers of Catan and Ticket to Ride sell millions of copies annually.
Science,Neuroscience has mapped many brain functions using fMRI scans. Understanding consciousness and memory remains an ongoing challenge.
Travel,Portugal's Algarve coast is known for golden cliffs and hidden beaches. Visitors can explore sea caves by kayak or small boat.
Technology,Wireless charging is becoming standard on smartphones and earbuds. Qi technology eliminates the need for multiple cables and adapters.
Health,Intermittent fasting involves cycling between eating and fasting periods. Some studies suggest it improves insulin sensitivity and cellular repair.
Environment,Vertical farming grows crops in stacked indoor layers. This method uses less water and land than traditional agriculture.
Sports,Baseball analytics have changed defensive positioning and batting order. The shift and launch angle revolution originated with Moneyball principles.
Business,Influencer marketing on Instagram and TikTok drives product sales. Micro influencers with smaller followings often have higher engagement rates.
Education,Special education services are legally required for students with disabilities. Individualized Education Plans tailor instruction to each child's needs.
Politics,Tax policy affects economic behavior and government revenue. Higher corporate taxes may discourage investment but fund social programs.
Entertainment,Musical theater productions like Hamilton and Wicked tour globally. Broadway in New York remains the industry's most prestigious stage.
Science,Geology explains earthquake patterns through plate tectonics. The Pacific Ring of Fire experiences the most seismic activity on Earth.
Travel,Thailand's street food scene in Bangkok attracts culinary tourists. Pad Thai mango sticky rice and tom yum soup are local favorites.
Technology,Biometric authentication uses fingerprints or facial recognition. Smartphones and laptops now routinely include these security features.
Health,Physical therapy helps patients recover from injuries and surgeries. Custom exercise plans restore mobility and reduce chronic pain.
Environment,National parks protect endangered species and natural landmarks. Yellowstone was the first national park established in 1872.
Sports,Marathon running requires months of training and endurance. The 42.195 kilometer distance originates from ancient Greek legend.
Business,Franchising allows entrepreneurs to operate under established brands. McDonald's and Subway use this model to expand globally.
Education,Preschool education builds social and cognitive foundations. Early childhood programs correlate with higher high school graduation rates.
Politics,Electoral college systems can produce winners who lose the popular vote. This has happened five times in US presidential history.
Entertainment,Dance competitions like So You Think You Can Dance showcase talent. Styles range from ballet and hip hop to ballroom and contemporary.
Science,Paleontology studies ancient life through fossil evidence. Dinosaur discoveries continue in remote regions like Patagonia and the Gobi Desert.
Travel,Iceland's geothermal springs and northern lights draw winter tourists. The Golden Circle route includes waterfalls geysers and tectonic rift valleys.
Technology,Cloud computing allows businesses to store data on remote servers. Amazon Web Services and Microsoft Azure dominate this multi billion dollar industry.
Technology,Open source software like Linux powers most of the internet. Developers worldwide collaborate for free to improve security and features.
Technology,Virtual reality headsets are used for training surgeons and pilots. The technology simulates real world scenarios without physical risk.
Technology,Smartphone cameras now use computational photography to enhance images. Multiple lenses and AI processing rival traditional DSLR quality.
Technology,Wearable fitness trackers monitor heart rate steps and sleep patterns. Apple Fitbit and Garmin compete in this growing health tech market.
Health,Hand washing with soap remains the most effective way to prevent infection. Hospitals enforce strict hygiene protocols to protect patients.
Health,Regular dental checkups prevent cavities and gum disease. Fluoride treatments strengthen enamel and reduce decay risk by 25 percent.
Health,Smoking tobacco causes lung cancer heart disease and emphysema. Quitting before age 40 reduces smoking related death risk by 90 percent.
Health,Vaccines undergo rigorous clinical trials before public approval. Three phases of testing ensure safety and effectiveness against diseases.
Health,Stretching exercises improve flexibility and reduce injury risk. Dynamic stretching before activity and static stretching after are recommended.
Environment,Solar panels convert sunlight into electricity without emissions. Installation costs have dropped 80 percent in the last decade.
Environment,Electric vehicles produce no tailpipe pollution. Battery production however requires lithium mining which has environmental impacts.
Environment,Water conservation efforts include fixing leaks and using efficient fixtures. A dripping faucet can waste over 3000 gallons per year.
Environment,Composting food scraps reduces methane emissions from landfills. Organic waste turns into nutrient rich soil for gardening.
Environment,Green building design maximizes natural light and insulation. LEED certified buildings use 25 percent less energy than conventional ones.
Sports,Soccer players run an average of seven miles per game. Midfielders cover the most distance during ninety minutes of play.
Sports,Weightlifting increases bone density and muscle mass. Compound exercises like squats and deadlifts engage multiple muscle groups.
Sports,Golf requires precision and mental focus over eighteen holes. The Masters tournament at Augusta National is played each April.
Sports,Hockey players skate at speeds up to 30 miles per hour. Hard rubber pucks can cause serious injury without proper protective gear.
Sports,Yoga combines physical postures with breathing techniques. Regular practice reduces stress and improves balance and core strength.
Business,Startups often fail within the first five years due to cash flow problems. Lean methodology helps entrepreneurs test ideas with minimal investment.
Business,Employee retention saves companies recruitment and training costs. Paid parental leave and flexible hours improve job satisfaction.
Business,Digital marketing includes search engine optimization and social media ads. Google and Facebook control over half of global ad spending.
Business,Inventory management systems prevent stockouts and overstocking. Just in time delivery reduces warehouse costs for manufacturers.
Business,Mergers and acquisitions require regulatory approval to prevent monopolies. The FTC reviews deals that could harm market competition.
Education,The Socratic method uses questioning to stimulate critical thinking. Law schools often employ this technique to teach case analysis.
Education,Homework reinforces classroom learning but excessive amounts cause burnout. Research suggests 10 minutes per grade level per night is optimal.
Education,Financial literacy should be taught in high schools. Budgeting saving and investing are essential skills for adult independence.
Education,Classroom diversity improves cross cultural understanding among students. Exposure to different backgrounds reduces prejudice over time.
Education,Teacher salaries affect recruitment and retention in the profession. Many educators spend their own money on classroom supplies.
Politics,The judicial branch interprets laws and reviews their constitutionality. Supreme Court justices serve lifetime appointments in many countries.
Politics,Sanctions are economic penalties imposed on aggressive nations. Iran Russia and North Korea have faced coordinated international sanctions.
Politics,Voter ID laws are debated regarding fraud prevention versus access. Some argue they disproportionately affect elderly and minority voters.
Politics,Lobbying allows interest groups to influence legislation. Critics say corporate spending on campaigns undermines democratic representation.
Politics,Diplomatic recognition establishes formal relations between countries. Taiwan and Palestine are examples of disputed recognition status.
Entertainment,Streaming platforms spend billions on original content production. Netflix alone released over 500 new titles in a single year.
Entertainment,Theme parks like Disney World attract millions of annual visitors. Roller coasters and character meet and greets drive family attendance.
Entertainment,Comedy clubs provide stages for both amateur and professional comedians. Stand up specials on Netflix have revived interest in live comedy.
Entertainment,Action movies rely on stunt coordinators and visual effects. The Mission Impossible series is known for Tom Cruise performing his own stunts.
Entertainment,Animation studios like Pixar and Ghibli appeal to all ages. Toy Story and Spirited Away are considered masterpieces of the medium.
Science,Physics describes the behavior of matter and energy. Newton's laws of motion explain everything from falling apples to rocket launches.
Science,Chemistry studies the properties and reactions of substances. The periodic table organizes 118 known elements by atomic number.
Science,Biology explores life from microscopic bacteria to blue whales. Evolution by natural selection explains species adaptation over time.
Science,Psychology examines human behavior and mental processes. Cognitive behavioral therapy is an effective treatment for anxiety disorders.
Science,Astronomy observes stars planets and galaxies beyond Earth. The James Webb Telescope captures infrared images from the early universe.
Travel,Rome contains ancient ruins like the Colosseum and Roman Forum. Visitors can throw coins into the Trevi Fountain to ensure return.
Travel,Canada's Banff National Park offers turquoise lakes and mountain trails. Lake Louise and Moraine Lake are photographed millions of times yearly.
Travel,Egypt's pyramids of Giza are the last surviving ancient wonder. Tourists can ride camels and explore tombs of pharaohs.
Travel,Peru's Machu Picchu sits high in the Andes Mountains. The Inca citadel remained unknown to the outside world until 1911.
Travel,France's Eiffel Tower was built for the 1889 World's Fair. It receives nearly 7 million visitors annually making it a global icon.